Model,Mean_Judged_Precision,MRR,Hit_Rate,Judged_Rows
TF-IDF,0.3333333333333333,0.4619047619047619,0.8,20
BM25,0.08,0.16190476190476188,0.6,49
SBERT,0.25999999999999995,0.5,1.0,50
